ens_gene_id	ens_tx_id	mol_name	tissue	ref_name	type	chrom	tx_start	tx_stop	inference	cv.R2	cv.R2.pval	twas_z	pip	in_cred_set	region
NULL.MODEL	NA	NULL	NA	NA	NULL	15	NA	NA	NA	NA	NA	0	0.999	0	15:63215222-15:65104668
RPS27L	NA	RPS27L	brain_cortex	brain_cortex	NA	15	63418071	63450220	enet	0.307686718270335	3.2808741426196557e-09	1.97	0.00104	0	15:63215222-15:65104668
NULL.MODEL	NA	NULL	NA	NA	NULL	15	NA	NA	NA	NA	NA	0	1	0	15:76398987-15:78516053
CIB2	NA	CIB2	brain_cortex	brain_cortex	NA	15	78397832	78416081	lasso	0.20810314509819883	2.0213893237181863e-06	-0.887	0.000229	0	15:76398987-15:78516053
RP11-797A18.4	NA	RP11-797A18.4	brain_cortex	brain_cortex	NA	15	77334178	77335533	enet	0.3404414128574921	3.2897899062289025e-10	0.854	0.000223	0	15:76398987-15:78516053
