ens_gene_id	ens_tx_id	mol_name	tissue	ref_name	type	chrom	tx_start	tx_stop	inference	cv.R2	cv.R2.pval	twas_z	pip	in_cred_set	region
NULL.MODEL	NA	NULL	NA	NA	NULL	6	NA	NA	NA	NA	NA	0	0.997	0	6:31571337-6:32682664
BAG6	NA	BAG6	brain_cortex	brain_cortex	NA	6	31606805	31620170	lasso	0.2304170571985319	5.117205345872501e-07	1.88	0.00087	0	6:31571337-6:32682664
HLA-C	NA	HLA-C	brain_cortex	brain_cortex	NA	6	31236526	31239882	enet	0.4644350403587577	1.7749537187959236e-14	-1.46	0.000442	0	6:31571337-6:32682664
HLA-DOB	NA	HLA-DOB	brain_cortex	brain_cortex	NA	6	32780540	32781248	enet	0.6383415601474742	1.7992233080848085e-22	1.29	0.000354	0	6:31571337-6:32682664
MICA	NA	MICA	brain_cortex	brain_cortex	NA	6	31371356	31383092	lasso	0.3480123895759021	1.9038749973368396e-10	1.19	0.000312	0	6:31571337-6:32682664
SKIV2L	NA	SKIV2L	brain_cortex	brain_cortex	NA	6	31927074	31937532	enet	0.27455292594003333	3.0368958037930154e-08	-0.669	0.000195	0	6:31571337-6:32682664
XXbac-BPG181B23.7	NA	XXbac-BPG181B23.7	brain_cortex	brain_cortex	NA	6	31362066	31363272	enet	0.2244758204797883	7.401788729377057e-07	0.6	0.000187	0	6:31571337-6:32682664
HLA-DRB5	NA	HLA-DRB5	brain_cortex	brain_cortex	NA	6	32485120	32498064	lasso	0.49456951315428765	1.166480433878623e-15	0.255	0.000162	0	6:31571337-6:32682664
HLA-DRB1	NA	HLA-DRB1	brain_cortex	brain_cortex	NA	6	32546546	32557625	lasso	0.3759878298472037	2.390783120282259e-11	0.153	0.000159	0	6:31571337-6:32682664
