ens_gene_id	ens_tx_id	mol_name	tissue	ref_name	type	chrom	tx_start	tx_stop	inference	cv.R2	cv.R2.pval	twas_z	pip	in_cred_set	region
NULL.MODEL	NA	NULL	NA	NA	NULL	22	NA	NA	NA	NA	NA	0	0.72	1	22:40545828-22:42690262
POLR3H	NA	POLR3H	brain_cortex	brain_cortex	NA	22	41926691	41940610	lasso	0.1842808084573958	8.453792943545254e-06	3.77	0.116	1	22:40545828-22:42690262
CSDC2	NA	CSDC2	brain_cortex	brain_cortex	NA	22	41956767	41972670	lasso	0.28292737644638566	1.746139801023264e-08	3.75	0.107	0	22:40545828-22:42690262
DESI1	NA	DESI1	brain_cortex	brain_cortex	NA	22	41994032	42017100	enet	0.057718240412267474	0.01085546385489359	3.48	0.0426	0	22:40545828-22:42690262
RP4-756G23.5	NA	RP4-756G23.5	brain_cortex	brain_cortex	NA	22	41605126	41613631	lasso	0.08240471842365549	0.0027827144789915157	3.16	0.0151	0	22:40545828-22:42690262
CYP2D6	NA	CYP2D6	brain_cortex	brain_cortex	NA	22	42522501	42526908	lasso	0.46639723821911105	1.4934994574293474e-14	-1.72	0.000596	0	22:40545828-22:42690262
NDUFA6	NA	NDUFA6	brain_cortex	brain_cortex	NA	22	42481529	42486959	enet	0.2910580082650115	1.0144713507749584e-08	1.67	0.000552	0	22:40545828-22:42690262
FAM109B	NA	FAM109B	brain_cortex	brain_cortex	NA	22	42470255	42475445	enet	0.08651122035038905	0.0022181272750544643	0.453	0.000219	0	22:40545828-22:42690262
SMDT1	NA	SMDT1	brain_cortex	brain_cortex	NA	22	42475695	42480288	enet	0.06152144511100188	0.008800082037635784	0.0951	0.000188	0	22:40545828-22:42690262
