ens_gene_id	ens_tx_id	mol_name	tissue	ref_name	type	chrom	tx_start	tx_stop	inference	cv.R2	cv.R2.pval	twas_z	pip	in_cred_set	region
NULL.MODEL	NA	NULL	NA	NA	NULL	10	NA	NA	NA	NA	NA	0	0.984	0	10:104380686-10:106695048
GSTO2	NA	GSTO2	brain_cortex	brain_cortex	NA	10	106028631	106064703	enet	0.26292512842551774	6.486017344156837e-08	3.06	0.015	0	10:104380686-10:106695048
MIR1307	NA	MIR1307	brain_cortex	brain_cortex	NA	10	105154010	105154158	enet	0.43817738884550606	1.6888525862914914e-13	-1.78	0.000738	0	10:104380686-10:106695048
CYP17A1-AS1	NA	CYP17A1-AS1	brain_cortex	brain_cortex	NA	10	104592478	104594273	lasso	0.13716888636622604	0.00013028355026110076	-1.39	0.000404	0	10:104380686-10:106695048
NT5C2	NA	NT5C2	brain_cortex	brain_cortex	NA	10	104850368	104953056	enet	0.04974204260408177	0.01687745361988259	-0.563	0.000185	0	10:104380686-10:106695048
