ens_gene_id	ens_tx_id	mol_name	tissue	ref_name	type	chrom	tx_start	tx_stop	inference	cv.R2	cv.R2.pval	twas_z	pip	in_cred_set	region
NULL.MODEL	NA	NULL	NA	NA	NULL	3	NA	NA	NA	NA	NA	0	0.989	0	3:47727379-3:49316164
NCKIPSD	NA	NCKIPSD	brain_cortex	brain_cortex	NA	3	48701364	48723797	enet	0.11171885070785803	0.0005469494483819101	-2.91	0.0098	0	3:47727379-3:49316164
COL7A1	NA	COL7A1	brain_cortex	brain_cortex	NA	3	48601506	48632700	lasso	0.01685680848365745	0.10946487338799205	-0.881	0.000242	0	3:47727379-3:49316164
MRPS18AP1	NA	MRPS18AP1	brain_cortex	brain_cortex	NA	3	48297840	48298428	lasso	0.21747805138493004	1.1396759697769779e-06	-0.909	0.000235	0	3:47727379-3:49316164
AMT	NA	AMT	brain_cortex	brain_cortex	NA	3	49454211	49460186	lasso	0.06697650790131471	0.0065142626530606245	-0.381	0.000183	0	3:47727379-3:49316164
WDR6	NA	WDR6	brain_cortex	brain_cortex	NA	3	49045041	49052151	lasso	0.03506699438062644	0.0383055549369473	0.382	0.000175	0	3:47727379-3:49316164
ZNF589	NA	ZNF589	brain_cortex	brain_cortex	NA	3	48282590	48340743	lasso	0.19837762041058238	3.64077585850622e-06	-0.36	0.000168	0	3:47727379-3:49316164
NULL.MODEL	NA	NULL	NA	NA	NULL	3	NA	NA	NA	NA	NA	0	1	0	3:135457520-3:137370579
RP11-731C17.2	NA	RP11-731C17.2	brain_cortex	brain_cortex	NA	3	136556180	136557863	lasso	0.09216811876756281	0.0016222479831001558	-0.711	0.0002	0	3:135457520-3:137370579
